"";"Unnamed: 0";"Position";"Name";"Salary";"GameInfo";"AvgPointsPerGame";"Team";"Opponent";"Projection";"Actual_fpts";"Consistency";"Unpredictability"
"0";"0";"SF/PF";"LeBron James";"11800";"CLE@CHI 12/04/2017 08:00PM ET";"56.261";"CLE";"CHI";"54.24";"44.75";"15.223901548636382";"4.0844410000000035"
"1";"1";"PF/C";"DeMarcus Cousins";"11000";"GS@NO 12/04/2017 08:00PM ET";"54.576";"NO";"GS";"56.36";"58.75";"13.334240648953747";"3.182655999999996"
"2";"2";"SF/PF";"Giannis Antetokounmpo";"10600";"MIL@BOS 12/04/2017 07:30PM ET";"55.51300000000001";"MIL";"BOS";"56.24";"55.25";"7.916789214737768";"0.5285289999999849"
"3";"4";"PG/SF";"Ben Simmons";"9800";"PHO@PHI 12/04/2017 07:00PM ET";"45.631";"PHI";"PHO";"53.51";"51.0";"7.909762211046177";"62.07864099999996"
"4";"5";"C";"Joel Embiid";"9800";"PHO@PHI 12/04/2017 07:00PM ET";"45.842";"PHI";"PHO";"54.01";"49.5";"14.55133692311466";"66.71622399999998"
"5";"6";"PG/SG";"Stephen Curry";"9400";"GS@NO 12/04/2017 08:00PM ET";"46.524";"GS";"NO";"47.76";"58.75";"8.590952162847113";"1.5276959999999928"
"6";"7";"SF/PF";"Kevin Durant";"9000";"GS@NO 12/04/2017 08:00PM ET";"45.819";"GS";"NO";"46.5";"38.25";"7.437499999999999";"0.4637609999999964"
"7";"8";"C";"Andre Drummond";"8800";"DET@SA 12/04/2017 08:30PM ET";"44.341";"DET";"SA";"45.96";"41.25";"8.484222188497355";"2.6211609999999994"
"8";"9";"PG/SG";"Victor Oladipo";"8700";"NY@IND 12/04/2017 07:00PM ET";"41.284";"IND";"NY";"44.01";"33.75";"10.730568593470773";"7.431075999999995"
"9";"10";"PG";"Kyrie Irving";"8500";"MIL@BOS 12/04/2017 07:30PM ET";"38.457";"BOS";"MIL";"38.88";"42.0";"8.936995190830961";"0.17892900000000153"
"10";"14";"C";"Karl-Anthony Towns";"8300";"MIN@MEM 12/04/2017 08:00PM ET";"41.63";"MIN";"MEM";"42.07";"27.75";"11.22303786625388";"0.193599999999998"
"11";"15";"PF/C";"LaMarcus Aldridge";"8300";"DET@SA 12/04/2017 08:30PM ET";"40.295";"SA";"DET";"40.98";"37.5";"8.77361058459164";"0.4692249999999934"
"12";"16";"PF/C";"Kevin Love";"8200";"CLE@CHI 12/04/2017 08:00PM ET";"37.88";"CLE";"CHI";"33.33";"45.25";"11.952910776183007";"20.70250000000004"
"13";"17";"C";"Marc Gasol";"8100";"MIN@MEM 12/04/2017 08:00PM ET";"40.875";"MEM";"MIN";"39.49";"38.75";"11.228390551898565";"1.9182249999999945"
"14";"18";"PG";"Dennis Schroder";"8000";"BKN@ATL 12/04/2017 07:30PM ET";"35.275";"ATL";"BKN";"39.83";"31.25";"7.965676470582204";"20.748025"
"15";"19";"SF/PF";"Aaron Gordon";"7900";"ORL@CHA 12/04/2017 07:00PM ET";"37.357";"ORL";"CHA";"37.03";"30.0";"10.005839798105876";"0.10692899999999882"
"16";"20";"SG/SF";"Devin Booker";"7800";"PHO@PHI 12/04/2017 07:00PM ET";"36.946";"PHO";"PHI";"37.45";"64.5";"12.509996003196804";"0.2540160000000049"
"17";"21";"C";"Dwight Howard";"7700";"ORL@CHA 12/04/2017 07:00PM ET";"35.107";"CHA";"ORL";"37.68";"24.25";"11.561698842166713";"6.620329000000002"
"18";"22";"PF/C";"Al Horford";"7600";"MIL@BOS 12/04/2017 07:30PM ET";"34.841";"BOS";"MIL";"33.86";"44.75";"6.4935865795927175";"0.9623610000000032"
"19";"23";"C";"Rudy Gobert";"7500";"WAS@UTA 12/04/2017 09:00PM ET";"35.042";"UTA";"WAS";"28.29";"26.0";"10.528550649917527";"45.589504000000034"
"20";"24";"PG";"Kemba Walker";"7500";"ORL@CHA 12/04/2017 07:00PM ET";"38.289";"CHA";"ORL";"35.74";"50.5";"11.18447454108748";"6.497400999999997"
"21";"25";"SG";"Bradley Beal";"7400";"WAS@UTA 12/04/2017 09:00PM ET";"36.5";"WAS";"UTA";"35.81";"13.25";"10.087663996797312";"0.47609999999999686"
"22";"26";"PF/C";"Draymond Green";"7400";"GS@NO 12/04/2017 08:00PM ET";"35.136";"GS";"NO";"36.36";"53.25";"7.8453854653175075";"1.4981759999999917"
"23";"27";"SG/SF";"Tyreke Evans";"7300";"MIN@MEM 12/04/2017 08:00PM ET";"32.705";"MEM";"MIN";"37.27";"43.25";"8.791900512396795";"20.839225000000045"
"24";"29";"C";"Nikola Vucevic";"7100";"ORL@CHA 12/04/2017 07:00PM ET";"35.076";"ORL";"CHA";"35.9";"34.5";"11.204579362216618";"0.6789759999999968"
"25";"30";"PG/SG";"Spencer Dinwiddie";"7000";"BKN@ATL 12/04/2017 07:30PM ET";"27.375";"BKN";"ATL";"35.64";"29.75";"11.934735376066447";"68.310225"
"26";"31";"SG";"Klay Thompson";"7000";"GS@NO 12/04/2017 08:00PM ET";"33.522";"GS";"NO";"33.57";"31.25";"8.158896903639029";"0.002304000000000175"
"27";"32";"PG/SG";"Donovan Mitchell";"6900";"WAS@UTA 12/04/2017 09:00PM ET";"28.783";"UTA";"WAS";"35.95";"27.75";"11.23003345123199";"51.365889000000024"
"28";"33";"SG";"Jimmy Butler";"6900";"MIN@MEM 12/04/2017 08:00PM ET";"35.369";"MIN";"MEM";"37.02";"48.0";"9.690808258648108";"2.7258010000000112"
"29";"34";"SG/SF";"Will Barton";"6900";"DEN@DAL 12/04/2017 08:30PM ET";"29.216";"DEN";"DAL";"29.52";"46.0";"10.876600507350226";"0.09241599999999908"
"30";"35";"PG/SG";"Eric Bledsoe";"6700";"MIL@BOS 12/04/2017 07:30PM ET";"32.196";"MIL";"BOS";"30.12";"28.75";"11.918663744503634";"4.309775999999987"
"31";"36";"PF/C";"Derrick Favors";"6700";"WAS@UTA 12/04/2017 09:00PM ET";"27.609";"UTA";"WAS";"29.19";"23.5";"10.445748001736852";"2.4995609999999986"
"32";"37";"SF/PF";"TJ Warren";"6700";"PHO@PHI 12/04/2017 07:00PM ET";"30.667";"PHO";"PHI";"33.32";"43.0";"13.005882368777455";"7.0384089999999935"
"33";"38";"SF/PF";"Harrison Barnes";"6600";"DEN@DAL 12/04/2017 08:30PM ET";"32.185";"DAL";"DEN";"34.6";"40.5";"7.8831411552555775";"5.832224999999996"
"34";"39";"SF/PF";"Andrew Wiggins";"6500";"MIN@MEM 12/04/2017 08:00PM ET";"31.043000000000006";"MIN";"MEM";"29.68";"21.25";"7.501874765683574";"1.8577690000000182"
"35";"40";"PG";"Jeff Teague";"6400";"MIN@MEM 12/04/2017 08:00PM ET";"33.066";"MIN";"MEM";"33.51";"15.25";"11.222642844637829";"0.197135999999996"
"36";"43";"SF/PF";"Tobias Harris";"6400";"DET@SA 12/04/2017 08:30PM ET";"30.977";"DET";"SA";"28.33";"26.25";"10.098048734052245";"7.006609000000011"
"37";"44";"SG/SF";"Khris Middleton";"6300";"MIL@BOS 12/04/2017 07:30PM ET";"35.107";"MIL";"BOS";"32.48";"42.5";"14.552593652890325";"6.9011290000000125"
"38";"45";"PG/SG";"Jrue Holiday";"6300";"GS@NO 12/04/2017 08:00PM ET";"31.837";"NO";"GS";"33.7";"50.0";"9.598553893275033";"3.4707690000000118"
"39";"47";"SF/PF";"Robert Covington";"6200";"PHO@PHI 12/04/2017 07:00PM ET";"30.92";"PHI";"PHO";"33.4";"28.5";"10.220805706060837";"6.150399999999984"
"40";"48";"PG/SG";"Kris Dunn";"6100";"CLE@CHI 12/04/2017 08:00PM ET";"27.426";"CHI";"CLE";"30.58";"31.5";"9.380319003924367";"9.947716"
"41";"49";"PF";"Lauri Markkanen";"6100";"CLE@CHI 12/04/2017 08:00PM ET";"29.893";"CHI";"CLE";"24.78";"28.75";"8.941451261042289";"26.142768999999994"
"42";"50";"C";"Myles Turner";"6100";"NY@IND 12/04/2017 07:00PM ET";"30.781";"IND";"NY";"33.8";"22.25";"10.538353335585262";"9.11436099999999"
"43";"51";"SF/PF";"Jayson Tatum";"6000";"MIL@BOS 12/04/2017 07:30PM ET";"26.51";"BOS";"MIL";"22.55";"26.0";"8.434163802512911";"15.681600000000007"
"44";"52";"SG/SF";"Jaylen Brown";"6000";"MIL@BOS 12/04/2017 07:30PM ET";"27.446";"BOS";"MIL";"24.09";"19.25";"6.79850989865465";"11.262736000000011"
"45";"53";"PG";"Elfrid Payton";"6000";"ORL@CHA 12/04/2017 07:00PM ET";"28.982";"ORL";"CHA";"38.75";"27.5";"12.675002241348196";"95.41382400000002"
"46";"54";"SF/PF";"DeMarre Carroll";"5900";"BKN@ATL 12/04/2017 07:30PM ET";"28.725";"BKN";"ATL";"27.41";"29.0";"7.534845523222327";"1.7292250000000033"
"47";"55";"PF/C";"Taj Gibson";"5900";"MIN@MEM 12/04/2017 08:00PM ET";"25.935";"MIN";"MEM";"28.58";"27.75";"9.972297153931773";"6.996024999999998"
"48";"56";"PG";"Reggie Jackson";"5900";"DET@SA 12/04/2017 08:30PM ET";"29.114";"DET";"SA";"26.18";"38.0";"7.710234264813273";"8.608356000000006"
"49";"57";"SG";"Gary Harris";"5800";"DEN@DAL 12/04/2017 08:30PM ET";"27.1";"DEN";"DAL";"25.53";"37.75";"6.170151704684702";"2.464900000000001"
"50";"58";"SG/SF";"Jeremy Lamb";"5800";"ORL@CHA 12/04/2017 07:00PM ET";"30.095";"CHA";"ORL";"26.37";"17.5";"8.509347285665934";"13.875624999999983"
"51";"59";"SG/SF";"Kent Bazemore";"5700";"BKN@ATL 12/04/2017 07:30PM ET";"27.045";"ATL";"BKN";"30.3";"21.25";"9.45800969382148";"10.595024999999994"
"52";"60";"SF/PF";"Rondae Hollis-Jefferson";"5700";"BKN@ATL 12/04/2017 07:30PM ET";"26.132";"BKN";"ATL";"29.36";"37.5";"10.558659674298015";"10.419983999999987"
"53";"63";"PG";"Darren Collison";"5700";"NY@IND 12/04/2017 07:00PM ET";"28.717";"IND";"NY";"29.03";"41.5";"12.005556553442027";"0.0979690000000015"
"54";"64";"SG/SF";"Nicolas Batum";"5700";"ORL@CHA 12/04/2017 07:00PM ET";"22.25";"CHA";"ORL";"29.42";"36.25";"11.6035195810007";"51.408900000000024"
"55";"65";"SG/SF";"Justin Holiday";"5600";"CLE@CHI 12/04/2017 08:00PM ET";"27.713";"CHI";"CLE";"28.45";"31.5";"7.167218828478317";"0.5431689999999976"
"56";"66";"PG/SG";"Dwyane Wade";"5600";"CLE@CHI 12/04/2017 08:00PM ET";"25.08";"CLE";"CHI";"24.73";"35.0";"12.319746092791428";"0.12249999999999851"
"57";"67";"SF/PF";"Thaddeus Young";"5600";"NY@IND 12/04/2017 07:00PM ET";"27.728";"IND";"NY";"28.18";"33.0";"7.890815363779789";"0.20430399999999835"
"58";"68";"PF/C";"Dario Saric";"5600";"PHO@PHI 12/04/2017 07:00PM ET";"24.114";"PHI";"PHO";"27.98";"28.75";"10.232948514192657";"14.945955999999997"
"59";"69";"PG";"Ricky Rubio";"5500";"WAS@UTA 12/04/2017 09:00PM ET";"27.534";"UTA";"WAS";"25.17";"18.75";"11.235663379567196";"5.588495999999987"
"60";"70";"SG/SF";"Evan Fournier";"5500";"ORL@CHA 12/04/2017 07:00PM ET";"29.413";"ORL";"CHA";"30.36";"25.75";"9.684292762808727";"0.8968089999999984"
"61";"71";"PF/C";"Pau Gasol";"5500";"DET@SA 12/04/2017 08:30PM ET";"29.33";"SA";"DET";"30.86";"38.5";"8.596629966657034";"2.3409000000000035"
"62";"72";"SG/SF";"Marcus Smart";"5400";"MIL@BOS 12/04/2017 07:30PM ET";"26.148000000000003";"BOS";"MIL";"20.94";"24.0";"7.836528836833709";"27.12326400000002"
"63";"73";"SG/SF";"Denzel Valentine";"5400";"CLE@CHI 12/04/2017 08:00PM ET";"24.012";"CHI";"CLE";"22.15";"13.75";"9.947287540418477";"3.467044000000007"
"64";"74";"PG/SG";"Avery Bradley";"5400";"DET@SA 12/04/2017 08:30PM ET";"25.455";"DET";"SA";"24.96";"9.25";"7.9143185372144815";"0.24502499999999747"
"65";"75";"SG/SF";"Taurean Prince";"5300";"BKN@ATL 12/04/2017 07:30PM ET";"25.716";"ATL";"BKN";"26.04";"19.0";"9.738648925530523";"0.10497599999999875"
"66";"76";"C";"Robin Lopez";"5300";"CLE@CHI 12/04/2017 08:00PM ET";"24.643";"CHI";"CLE";"22.75";"27.25";"7.344410083670723";"3.5834490000000025"
"67";"77";"PG";"Mario Chalmers";"5300";"MIN@MEM 12/04/2017 08:00PM ET";"19.893";"MEM";"MIN";"15.18";"10.0";"9.058089015249694";"22.21236900000001"
"68";"78";"SG/SF";"JJ Redick";"5300";"PHO@PHI 12/04/2017 07:00PM ET";"26.875";"PHI";"PHO";"30.66";"30.25";"9.064338893892556";"14.326225"
"69";"80";"C";"Marcin Gortat";"5200";"WAS@UTA 12/04/2017 09:00PM ET";"25.943";"WAS";"UTA";"25.07";"20.25";"9.45033570986977";"0.7621290000000019"
"70";"83";"SG/SF";"Joe Ingles";"5100";"WAS@UTA 12/04/2017 09:00PM ET";"24.696";"UTA";"WAS";"27.76";"18.5";"7.892065885898853";"9.388096"
"71";"84";"PF/C";"Domantas Sabonis";"5100";"NY@IND 12/04/2017 07:00PM ET";"27.583";"IND";"NY";"20.64";"29.0";"8.81198863996372";"48.20524899999997"
"72";"85";"PG/SG";"Jamal Murray";"5100";"DEN@DAL 12/04/2017 08:30PM ET";"22.955";"DEN";"DAL";"22.5";"28.0";"10.580898324656804";"0.20702499999999846"
"73";"86";"PF/C";"Trevor Booker";"5000";"BKN@ATL 12/04/2017 07:30PM ET";"22.132";"BKN";"ATL";"23.14";"27.0";"9.643882220647154";"1.0160639999999983"
"74";"87";"SG/SF";"Jonathon Simmons";"5000";"ORL@CHA 12/04/2017 07:00PM ET";"21.478";"ORL";"CHA";"24.44";"24.5";"8.198312968307308";"8.773443999999998"
"75";"88";"PG";"Rajon Rondo";"5000";"GS@NO 12/04/2017 08:00PM ET";"22.2";"NO";"GS";"23.83";"38.75";"7.783147239541402";"2.6568999999999967"
"76";"89";"SG/SF";"Caris LeVert";"4900";"BKN@ATL 12/04/2017 07:30PM ET";"22.545";"BKN";"ATL";"25.17";"33.5";"5.435157373297909";"6.890625"
"77";"90";"SF/PF";"Marcus Morris";"4900";"MIL@BOS 12/04/2017 07:30PM ET";"24.464";"BOS";"MIL";"21.81";"15.5";"5.569294879474912";"7.043716"
"78";"91";"SF/PF";"Ersan Ilyasova";"4800";"BKN@ATL 12/04/2017 07:30PM ET";"16.727";"ATL";"BKN";"21.39";"15.5";"6.486899190762188";"21.743569"
"79";"92";"PG/SG";"Malcolm Brogdon";"4800";"MIL@BOS 12/04/2017 07:30PM ET";"24.425";"MIL";"BOS";"21.04";"17.5";"10.000735267086762";"11.458225000000011"
"80";"93";"PF";"Bobby Portis";"4800";"CLE@CHI 12/04/2017 08:00PM ET";"24.708";"CHI";"CLE";"9.59";"26.75";"9.237792244662982";"228.55392399999997"
"81";"94";"PF/C";"Kenneth Faried";"4800";"DEN@DAL 12/04/2017 08:30PM ET";"13.224";"DEN";"DAL";"21.94";"31.25";"9.96027825199391";"75.96865600000002"
"82";"95";"SF/PF";"Rudy Gay";"4800";"DET@SA 12/04/2017 08:30PM ET";"23.262";"SA";"DET";"25.61";"36.5";"8.42213648909442";"5.513103999999995"
"83";"96";"SG/SF";"Allen Crabbe";"4700";"BKN@ATL 12/04/2017 07:30PM ET";"22.013";"BKN";"ATL";"23.25";"16.5";"9.683681779698128";"1.530168999999996"
"84";"97";"SF/PF";"Markieff Morris";"4700";"WAS@UTA 12/04/2017 09:00PM ET";"19.3";"WAS";"UTA";"22.3";"15.75";"6.193035861499445";"9.0"
"85";"98";"SF/PF";"JaMychal Green";"4700";"MIN@MEM 12/04/2017 08:00PM ET";"19.85";"MEM";"MIN";"23.89";"29.75";"8.173527244650721";"16.321599999999993"
"86";"99";"PF/C";"Dirk Nowitzki";"4700";"DEN@DAL 12/04/2017 08:30PM ET";"23.087";"DAL";"DEN";"21.51";"20.0";"8.205782620874906";"2.486928999999994"
"87";"100";"SF/PF";"Wilson Chandler";"4700";"DEN@DAL 12/04/2017 08:30PM ET";"19.792";"DEN";"DAL";"12.11";"16.75";"9.187687573115255";"59.01312400000003"
"88";"102";"C";"John Henson";"4600";"MIL@BOS 12/04/2017 07:30PM ET";"21.563";"MIL";"BOS";"25.11";"6.75";"10.888598664766414";"12.581209000000005"
"89";"103";"PG/SG";"Jerian Grant";"4600";"CLE@CHI 12/04/2017 08:00PM ET";"22.595";"CHI";"CLE";"20.59";"6.0";"9.721919929940947";"4.020024999999996"
"90";"104";"SG/SF";"Bojan Bogdanovic";"4500";"NY@IND 12/04/2017 07:00PM ET";"22.435";"IND";"NY";"23.24";"28.0";"9.837654232055208";"0.6480249999999995"
"91";"105";"SG/SF";"Lance Stephenson";"4500";"NY@IND 12/04/2017 07:00PM ET";"19.174";"IND";"NY";"21.08";"18.75";"8.133305471623258";"3.6328359999999953"
"92";"106";"SG/SF";"Wesley Matthews";"4500";"DEN@DAL 12/04/2017 08:30PM ET";"22.924";"DAL";"DEN";"25.37";"22.75";"11.090566166555105";"5.9829160000000075"
"93";"107";"PG";"Michael Carter-Williams";"4500";"ORL@CHA 12/04/2017 07:00PM ET";"16.45";"CHA";"ORL";"17.49";"8.25";"7.7286572480051685";"1.0815999999999981"
"94";"108";"PF/C";"Alex Len";"4500";"PHO@PHI 12/04/2017 07:00PM ET";"24.088";"PHO";"PHI";"20.28";"10.75";"9.753005653697006";"14.500863999999998"
"95";"109";"SG";"Marco Belinelli";"4400";"BKN@ATL 12/04/2017 07:30PM ET";"21.989";"ATL";"BKN";"20.79";"13.5";"9.002658598553277";"1.437601000000004"
"96";"110";"SG/SF";"Danny Green";"4400";"DET@SA 12/04/2017 08:30PM ET";"22.5";"SA";"DET";"21.91";"29.5";"10.653714562861543";"0.34809999999999985"
"97";"111";"PF/C";"Mason Plumlee";"4300";"DEN@DAL 12/04/2017 08:30PM ET";"16.715999999999998";"DEN";"DAL";"30.45";"18.75";"6.812018406554833";"188.62275600000004"
"98";"112";"C";"Tyson Chandler";"4300";"PHO@PHI 12/04/2017 07:00PM ET";"22.361";"PHO";"PHI";"19.46";"37.5";"6.675495456019225";"8.415800999999998"
"99";"113";"PG";"Mike James";"4300";"PHO@PHI 12/04/2017 07:00PM ET";"22.76";"PHO";"PHI";"20.77";"8.25";"9.351677338724805";"3.9601000000000077"
"100";"115";"SG/SF";"Josh Jackson";"4200";"PHO@PHI 12/04/2017 07:00PM ET";"17.625";"PHO";"PHI";"14.99";"13.75";"7.0888493928341925";"6.943224999999999"
"101";"116";"SG/SF";"Joe Harris";"4100";"BKN@ATL 12/04/2017 07:30PM ET";"18.333";"BKN";"ATL";"15.79";"17.5";"7.816275231638919";"6.466848999999996"
"102";"117";"PG/SG";"Terry Rozier";"4100";"MIL@BOS 12/04/2017 07:30PM ET";"20.188";"BOS";"MIL";"16.05";"16.0";"9.733043863927817";"17.123043999999986"
"103";"118";"SG/SF";"JR Smith";"4100";"CLE@CHI 12/04/2017 08:00PM ET";"17.902";"CLE";"CHI";"19.71";"13.0";"7.428017137600802";"3.2688639999999993"
"104";"119";"PG";"Tim Frazier";"4100";"WAS@UTA 12/04/2017 09:00PM ET";"14.034";"WAS";"UTA";"18.61";"8.0";"6.3902680942030505";"20.939775999999988"
"105";"120";"PG/SG";"Tomas Satoransky";"4100";"WAS@UTA 12/04/2017 09:00PM ET";"12.173";"WAS";"UTA";"16.5";"13.5";"5.061771209544912";"18.722929"
"106";"121";"PG";"Tyler Ulis";"4100";"PHO@PHI 12/04/2017 07:00PM ET";"17.445999999999998";"PHO";"PHI";"20.89";"32.75";"7.523329942322923";"11.861136000000018"
"107";"122";"SF";"Darius Miller";"4100";"GS@NO 12/04/2017 08:00PM ET";"12.761";"NO";"GS";"20.94";"15.0";"8.298736393891188";"66.89604100000004"
"108";"123";"SF/PF";"Luke Babbitt";"4000";"BKN@ATL 12/04/2017 07:30PM ET";"14.447";"ATL";"BKN";"18.0";"8.5";"9.020289629496382";"12.623809000000007"
"109";"124";"PG/SG";"Alec Burks";"4000";"WAS@UTA 12/04/2017 09:00PM ET";"16.659000000000002";"UTA";"WAS";"21.46";"41.25";"7.422307139619986";"23.049600999999985"
"110";"125";"SF";"Michael Kidd-Gilchrist";"4000";"ORL@CHA 12/04/2017 07:00PM ET";"17.617";"CHA";"ORL";"19.49";"26.5";"9.556847457887633";"3.508128999999991"
"111";"129";"PF/C";"Dwight Powell";"3900";"DEN@DAL 12/04/2017 08:30PM ET";"15.636";"DAL";"DEN";"15.0";"26.25";"6.083501206386383";"0.404495999999999"
"112";"130";"PG/SG";"Devin Harris";"3900";"DEN@DAL 12/04/2017 08:30PM ET";"16.544";"DAL";"DEN";"15.92";"25.25";"6.72160286352482";"0.38937600000000067"
"113";"132";"PF/C";"Marquese Chriss";"3900";"PHO@PHI 12/04/2017 07:00PM ET";"17.052";"PHO";"PHI";"19.06";"17.5";"9.001835130365679";"4.0320639999999965"
"114";"134";"SG/SF";"Tony Snell";"3800";"MIL@BOS 12/04/2017 07:30PM ET";"16.845";"MIL";"BOS";"13.86";"12.5";"6.5946013025708625";"8.910224999999997"
"115";"135";"SF/PF";"Jeff Green";"3800";"CLE@CHI 12/04/2017 08:00PM ET";"18.304";"CLE";"CHI";"17.08";"27.5";"9.840392946083675";"1.4981760000000004"
"116";"136";"PG/SG";"David Nwaba";"3800";"CLE@CHI 12/04/2017 08:00PM ET";"19.306";"CHI";"CLE";"12.79";"8.75";"9.371070605097069";"42.45825600000002"
"117";"139";"SF/PF";"Jonas Jerebko";"3800";"WAS@UTA 12/04/2017 09:00PM ET";"13.708";"UTA";"WAS";"10.23";"15.25";"7.813839628735014";"12.096483999999998"
"118";"140";"SG/SF";"Dillon Brooks";"3800";"MIN@MEM 12/04/2017 08:00PM ET";"17.375";"MEM";"MIN";"17.41";"14.0";"8.546976312917174";"0.00122500000000001"
"119";"141";"PG/SG";"Tyus Jones";"3800";"MIN@MEM 12/04/2017 08:00PM ET";"13.152";"MIN";"MEM";"9.02";"8.0";"9.796145858663523";"17.073423999999996"
"120";"143";"PG";"Emmanuel Mudiay";"3800";"DEN@DAL 12/04/2017 08:30PM ET";"19.523";"DEN";"DAL";"15.73";"12.0";"11.118776595581737";"14.386848999999994"
"121";"144";"PG/SG";"Yogi Ferrell";"3800";"DEN@DAL 12/04/2017 08:30PM ET";"17.163";"DAL";"DEN";"14.22";"22.0";"7.206813296786373";"8.661248999999998"
"122";"145";"PF/C";"Frank Kaminsky";"3800";"ORL@CHA 12/04/2017 07:00PM ET";"19.338";"CHA";"ORL";"15.86";"29.25";"9.010399311441974";"12.096484000000011"
"123";"147";"PF/C";"Thon Maker";"3700";"MIL@BOS 12/04/2017 07:30PM ET";"12.869000000000002";"MIL";"BOS";"11.65";"1.25";"5.958067661703574";"1.485961000000003"
"124";"148";"PF/C";"Daniel Theis";"3700";"MIL@BOS 12/04/2017 07:30PM ET";"11.943";"BOS";"MIL";"6.6";"8.75";"7.963917164824553";"28.547649"
"125";"149";"SF/PF";"Jae Crowder";"3700";"CLE@CHI 12/04/2017 08:00PM ET";"15.554";"CLE";"CHI";"16.1";"18.5";"7.383030368818793";"0.29811600000000127"
"126";"150";"SG/SF";"Kyle Korver";"3700";"CLE@CHI 12/04/2017 08:00PM ET";"17.315";"CLE";"CHI";"17.74";"14.0";"8.496743416910414";"0.1806249999999976"
"127";"151";"SG/SF";"Thabo Sefolosha";"3700";"WAS@UTA 12/04/2017 09:00PM ET";"17.409000000000002";"UTA";"WAS";"17.16";"14.75";"8.445906306213285";"0.06200100000000116"
"128";"153";"SF/PF";"Trey Lyles";"3700";"DEN@DAL 12/04/2017 08:30PM ET";"10.279000000000002";"DEN";"DAL";"17.28";"22.0";"7.636524498111457";"49.01400099999999"
"129";"155";"SF/PF";"Marvin Williams";"3700";"ORL@CHA 12/04/2017 07:00PM ET";"19.06";"CHA";"ORL";"19.23";"17.25";"7.8613487451942525";"0.02890000000000058"
"130";"157";"PF/C";"Amir Johnson";"3700";"PHO@PHI 12/04/2017 07:00PM ET";"16.35";"PHI";"PHO";"16.06";"8.0";"9.177290245491855";"0.08410000000000156"
"131";"159";"SG/SF";"Andre Iguodala";"3700";"GS@NO 12/04/2017 08:00PM ET";"17.313";"GS";"NO";"18.51";"24.0";"4.83284733864963";"1.4328090000000064"
"132";"160";"SG/SF";"E'Twaun Moore";"3700";"GS@NO 12/04/2017 08:00PM ET";"20.522";"NO";"GS";"21.3";"39.5";"7.14976076154779";"0.6052840000000035"
"133";"161";"SG/SF";"Stanley Johnson";"3700";"DET@SA 12/04/2017 08:30PM ET";"16.526";"DET";"SA";"16.32";"34.0";"6.1291054866052095";"0.0424359999999998"
"134";"163";"C";"Aron Baynes";"3600";"MIL@BOS 12/04/2017 07:30PM ET";"15.156";"BOS";"MIL";"15.89";"20.0";"8.103038083982833";"0.538756"
"135";"164";"PF/C";"Gorgui Dieng";"3600";"MIN@MEM 12/04/2017 08:00PM ET";"15.15";"MIN";"MEM";"15.95";"23.25";"7.244641782643467";"0.6399999999999983"
"136";"165";"C";"Cody Zeller";"3600";"ORL@CHA 12/04/2017 07:00PM ET";"17.882";"CHA";"ORL";"18.47";"14.75";"5.7555873474638295";"0.34574399999999694"
"137";"168";"SG/SF";"Manu Ginobili";"3600";"DET@SA 12/04/2017 08:30PM ET";"15.645";"SA";"DET";"17.56";"20.5";"7.1401884895755146";"3.6672249999999966"
"138";"169";"PG/SG";"Bryn Forbes";"3600";"DET@SA 12/04/2017 08:30PM ET";"10.548";"SA";"DET";"12.14";"2.75";"8.141075725638979";"2.5344640000000016"
"139";"172";"PG/SF";"DeAndre Liggins";"3500";"MIL@BOS 12/04/2017 07:30PM ET";"7.667000000000002";"MIL";"BOS";"6.25";"4.75";"6.147567195044103";"2.0078890000000045"
"140";"173";"SG/SF";"Paul Zipser";"3500";"CLE@CHI 12/04/2017 08:00PM ET";"11.111";"CHI";"CLE";"12.42";"4.0";"6.222328854506677";"1.713480999999998"
"141";"175";"SG";"Jodie Meeks";"3500";"WAS@UTA 12/04/2017 09:00PM ET";"11.602";"WAS";"UTA";"9.67";"7.5";"4.9987571554752686";"3.7326240000000013"
"142";"177";"PG";"Cory Joseph";"3500";"NY@IND 12/04/2017 07:00PM ET";"18.109";"IND";"NY";"15.33";"22.25";"8.398572482085399";"7.72284100000001"
"143";"180";"SG";"Jamal Crawford";"3500";"MIN@MEM 12/04/2017 08:00PM ET";"14.924";"MIN";"MEM";"13.09";"8.25";"8.674258651775075";"3.3635559999999987"
"144";"183";"SG/SF";"Ben McLemore";"3500";"MIN@MEM 12/04/2017 08:00PM ET";"13.136";"MEM";"MIN";"16.13";"10.75";"2.4724674392386317";"8.964035999999998"
"145";"185";"PF/C";"David West";"3500";"GS@NO 12/04/2017 08:00PM ET";"15.905";"GS";"NO";"14.12";"21.0";"6.327501932181009";"3.1862250000000003"
"146";"186";"PG";"Dejounte Murray";"3500";"DET@SA 12/04/2017 08:30PM ET";"17.42";"SA";"DET";"7.89";"3.75";"10.388488202549153";"90.82090000000002"
"147";"187";"SG";"Brandon Paul";"3500";"DET@SA 12/04/2017 08:30PM ET";"8.213";"SA";"DET";"7.65";"1.5";"9.838166600481186";"0.31696899999999867"
"148";"188";"C";"Tyler Zeller";"3400";"BKN@ATL 12/04/2017 07:30PM ET";"15.839";"BKN";"ATL";"17.87";"19.25";"6.626650737740749";"4.1249610000000025"
"149";"189";"PF/C";"Jarrett Allen";"3400";"BKN@ATL 12/04/2017 07:30PM ET";"12.946";"BKN";"ATL";"10.77";"22.75";"6.319971950455593";"4.7349760000000005"
"150";"190";"PF/C";"Channing Frye";"3400";"CLE@CHI 12/04/2017 08:00PM ET";"9.94";"CLE";"CHI";"14.68";"4.5";"6.7720978672645815";"22.4676"
"151";"191";"C";"Ian Mahinmi";"3400";"WAS@UTA 12/04/2017 09:00PM ET";"9.818";"WAS";"UTA";"12.53";"4.75";"5.119657392137241";"7.354943999999999"
"152";"194";"PF/C";"Jarell Martin";"3400";"MIN@MEM 12/04/2017 08:00PM ET";"11.81";"MEM";"MIN";"12.5";"8.0";"7.177317666711493";"0.4760999999999993"
"153";"195";"PG/SG";"Andrew Harrison";"3400";"MIN@MEM 12/04/2017 08:00PM ET";"10.953";"MEM";"MIN";"11.9";"17.0";"3.857539238213783";"0.8968090000000019"
"154";"196";"SG/SF";"Arron Afflalo";"3400";"ORL@CHA 12/04/2017 07:00PM ET";"4.956";"ORL";"CHA";"8.5";"9.5";"6.860625468438124";"12.559935999999997"
"155";"197";"PF/C";"Dragan Bender";"3400";"PHO@PHI 12/04/2017 07:00PM ET";"13.417";"PHO";"PHI";"12.15";"14.25";"6.455294984222901";"1.6052889999999986"
"156";"198";"PG/SG";"Jerryd Bayless";"3400";"PHO@PHI 12/04/2017 07:00PM ET";"17.234";"PHI";"PHO";"17.9";"12.75";"7.710032572741006";"0.4435559999999958"
"157";"199";"PG/SG";"Jameer Nelson";"3400";"GS@NO 12/04/2017 08:00PM ET";"17.667";"NO";"GS";"12.01";"13.0";"8.15024359072999";"32.00164900000002"
"158";"200";"SF/PF";"Omri Casspi";"3400";"GS@NO 12/04/2017 08:00PM ET";"14.25";"GS";"NO";"9.53";"4.25";"8.375171018154397";"22.278400000000005"
"159";"201";"SG/SF";"Patrick McCaw";"3400";"GS@NO 12/04/2017 08:00PM ET";"9.125";"GS";"NO";"10.49";"7.0";"5.51928437390211";"1.8632250000000006"
"160";"202";"SF/PF";"Anthony Tolliver";"3400";"DET@SA 12/04/2017 08:30PM ET";"13.618";"DET";"SA";"8.84";"10.25";"5.828399273834808";"22.829284000000005"
"161";"203";"SG";"Luke Kennard";"3400";"DET@SA 12/04/2017 08:30PM ET";"11.912";"DET";"SA";"10.41";"3.5";"7.673422330121694";"2.256004000000002"
"162";"205";"PG";"Isaiah Taylor";"3300";"BKN@ATL 12/04/2017 07:30PM ET";"12.267";"ATL";"BKN";"12.91";"12.5";"7.420379135539608";"0.4134490000000009"
"163";"206";"PF";"Tyler Cavanaugh";"3300";"BKN@ATL 12/04/2017 07:30PM ET";"8.423";"ATL";"BKN";"13.43";"11.5";"8.653194657337702";"25.070048999999997"
"164";"210";"PF/C";"Bismack Biyombo";"3300";"ORL@CHA 12/04/2017 07:00PM ET";"12.913";"ORL";"CHA";"10.95";"7.25";"5.772139870464897";"3.853369000000004"
"165";"212";"PG/SF";"Mario Hezonja";"3300";"ORL@CHA 12/04/2017 07:00PM ET";"7.042000000000002";"ORL";"CHA";"7.24";"0.75";"5.860441981606866";"0.039203999999999455"
"166";"213";"SG";"Troy Daniels";"3300";"PHO@PHI 12/04/2017 07:00PM ET";"9.063";"PHO";"PHI";"2.9";"6.75";"7.690799166072763";"37.982569000000005"
"167";"215";"SF/PF";"Dante Cunningham";"3300";"GS@NO 12/04/2017 08:00PM ET";"12.598";"NO";"GS";"9.68";"26.75";"5.748154738238772";"8.514724000000006"
"168";"216";"PF/C";"Jordan Bell";"3300";"GS@NO 12/04/2017 08:00PM ET";"12.118";"GS";"NO";"13.28";"6.25";"8.885817969608144";"1.3502439999999978"
"169";"220";"SG/SF";"Semi Ojeleye";"3200";"MIL@BOS 12/04/2017 07:30PM ET";"6.457000000000002";"BOS";"MIL";"8.01";"2.5";"4.9972418863397285";"2.411808999999994"
"170";"222";"PF/C";"Ante Zizic";"3200";"CLE@CHI 12/04/2017 08:00PM ET";"3.536";"CLE";"CHI";"0.77";"5.75";"5.047173301297801";"7.650756"
"171";"223";"PF";"Mike Scott";"3200";"WAS@UTA 12/04/2017 09:00PM ET";"13.225";"WAS";"UTA";"11.23";"4.75";"6.899860354867095";"3.980024999999997"
"172";"229";"PF";"Maxi Kleber";"3200";"DEN@DAL 12/04/2017 08:30PM ET";"9.588";"DAL";"DEN";"14.31";"11.75";"5.1314452904840335";"22.297284000000012"
"173";"231";"SG/SF";"Timothe Luwawu-Cabarrot";"3200";"PHO@PHI 12/04/2017 07:00PM ET";"11.548";"PHI";"PHO";"11.76";"14.5";"4.47208457446597";"0.044943999999999894"
"174";"232";"SG";"Nick Young";"3200";"GS@NO 12/04/2017 08:00PM ET";"10.875";"GS";"NO";"9.19";"8.25";"9.672414725271402";"2.8392250000000017"
"175";"233";"PG/SG";"Ian Clark";"3200";"GS@NO 12/04/2017 08:00PM ET";"9.3";"NO";"GS";"7.1";"2.0";"7.103003973050872";"4.840000000000004"
"176";"236";"C";"Salah Mejri";"3100";"DEN@DAL 12/04/2017 08:30PM ET";"13.681";"DAL";"DEN";"13.06";"11.75";"9.849613238720645";"0.38564099999999835"
"177";"237";"PF/C";"Marreese Speights";"3100";"ORL@CHA 12/04/2017 07:00PM ET";"13.956";"ORL";"CHA";"12.3";"8.75";"8.337165785405334";"2.742335999999996"
"178";"238";"SG/SF";"Tony Allen";"3100";"GS@NO 12/04/2017 08:00PM ET";"9.658";"NO";"GS";"11.1";"2.25";"5.438457770054547";"2.0793640000000004"
"179";"240";"PG/SG";"Langston Galloway";"3100";"DET@SA 12/04/2017 08:30PM ET";"10.833";"DET";"SA";"10.66";"4.5";"5.7264008475364925";"0.029929000000000015"
"180";"248";"PG/SG";"Jason Terry";"3000";"MIL@BOS 12/04/2017 07:30PM ET";"5.813";"MIL";"BOS";"9.31";"7.25";"4.762592956223181";"12.229009000000005"
"181";"257";"PG";"Jose Calderon";"3000";"CLE@CHI 12/04/2017 08:00PM ET";"6.5360000000000005";"CLE";"CHI";"13.54";"13.0";"7.559806190826397";"49.05601599999998"
"182";"262";"PF/C";"Ekpe Udoh";"3000";"WAS@UTA 12/04/2017 09:00PM ET";"11.413";"UTA";"WAS";"5.25";"8.0";"5.544319046033563";"37.982569000000005"
"183";"263";"SF";"Royce O'Neale";"3000";"WAS@UTA 12/04/2017 09:00PM ET";"5.734";"UTA";"WAS";"6.86";"33.75";"5.174236878296863";"1.2678760000000007"
"184";"267";"SF/PF";"TJ Leaf";"3000";"NY@IND 12/04/2017 07:00PM ET";"7.421";"IND";"NY";"3.16";"6.25";"5.946790976372608";"18.156121000000002"
"185";"292";"PG/SF";"Nik Stauskas";"3000";"PHO@PHI 12/04/2017 07:00PM ET";"2.75";"PHI";"PHO";"5.72";"-1.0";"2.839454172900137";"8.820899999999998"
"186";"296";"C";"JaVale McGee";"3000";"GS@NO 12/04/2017 08:00PM ET";"8.613";"GS";"NO";"13.61";"15.0";"5.682306128780503";"24.970008999999997"
"187";"297";"SF/PF";"Kevon Looney";"3000";"GS@NO 12/04/2017 08:00PM ET";"9.984";"GS";"NO";"3.69";"1.25";"5.131370763167569";"39.614436000000005"
"189";"302";"PF/C";"Eric Moreland";"3000";"DET@SA 12/04/2017 08:30PM ET";"7.566";"DET";"SA";"8.23";"6.75";"6.280630072099783";"0.4408960000000008"
"190";"307";"SF/PF";"Davis Bertans";"3000";"DET@SA 12/04/2017 08:30PM ET";"5.147";"SA";"DET";"4.98";"19.25";"6.282543478886763";"0.027888999999999938"